id,created_at,title,predicted_price_tnd
28a5b111-1745-416d-a697-0448a15309bb,2026-04-13T19:45:22.776966+00:00,Maison in Sousse Medina,774989.0

088d9a76-a1bb-4ab4-9b46-0093833491bb,2026-04-13T19:45:22.255168+00:00,www.tunisie-annonce.com - Gestion des annonces,161736.0

13de1d41-c430-4c21-88a7-68e747aa21ea,2026-04-13T19:45:21.708560+00:00,www.tunisie-annonce.com - Le site des petites annonces,161736.0

42719e33-c8a1-45d5-a105-26633d1e9422,2026-04-13T19:45:21.170631+00:00,Petites Annonces  Services en Tunisie,315010.0

9e330302-91b7-4b3c-bb21-684accbcd081,2026-04-13T19:45:20.004945+00:00,Petites Annonces  Bonnes Affaires en Tunisie,315010.0

a209574b-9aaa-41d3-9dad-84c35194a833,2026-04-13T19:45:18.771627+00:00,Petites Annonces  Informatique en Tunisie,315010.0

db6721b8-ce1c-474e-8acb-f6118f17c5d1,2026-04-13T19:45:16.271036+00:00,Petites Annonces  Electroménager en Tunisie,315010.0

c2b67ebb-ae4e-4724-8835-f8182b0a87ee,2026-04-13T19:45:15.068084+00:00,Petites Annonces  Image & Son en Tunisie,315010.0

69fa924e-0291-4bac-9727-3de0d86b9186,2026-04-13T19:45:13.909616+00:00,Petites Annonces  Téléphonie en Tunisie,315010.0

48a9fda9-c5ca-4be2-83f0-6d98471cdd7a,2026-04-13T19:45:12.745310+00:00,Petites Annonces Emploi en Tunisie - Toutes les offres d'emploi. Déposer votre CV et lettre de motivation,315010.0

df8be6d5-194f-4ee9-8711-0db357fe0652,2026-04-13T19:45:11.616136+00:00,Petites Annonces Auto/Moto en Tunisie - Voitures d'occasion et neuves | Peugeots | Volkswagen | Renault | Nissan | Fiat | Citroen,315010.0

68b3c0ce-0c07-4b10-956c-ab976b0014a7,2026-04-13T19:45:10.485993+00:00,Petites Annonces Immobilier en Tunisie,315010.0

e4d5de10-dba1-4eae-bdee-aff6ab86e4b6,2026-04-13T19:45:09.258147+00:00,Petites Annonces Terrain en Tunisie,499492.0

df629ca0-7fea-4de7-9f0b-1f26aca83589,2026-04-13T19:45:08.156081+00:00,Petites Annonces Vente en Tunisie,533073.0

40ee2ce0-6b15-430e-a13f-4df45f833345,2026-04-13T19:45:06.860059+00:00,Petites Annonces Location vacances en Tunisie,315010.0

6e66f643-10ee-4634-b92a-8d8d27af02c4,2026-04-13T19:45:05.642053+00:00,Petites Annonces Location en Tunisie,315010.0

144bf98d-ef22-4160-8a42-8d2f6b37c74b,2026-04-13T19:45:04.576423+00:00,Petites Annonces Immobilier en Tunisie,315010.0

a13eb4ef-e90d-480f-8033-70ca7bfdb988,2026-04-13T19:45:03.397360+00:00,www.tunisie-annonce.com - Le site des petites annonces,315010.0

3507cf55-1df0-486f-90c1-b734c7ef69c8,2026-04-13T19:45:02.641838+00:00,Tunisie Annonce :: Immobilier Tunisie TN -  petites annonces gratuites location vente terrain voiture auto moto  emploi immobilier BIZ,553058.0

00f62a6d-90d0-4be3-8585-1a9122e651a8,2026-04-13T19:45:01.708582+00:00,Tunisie Annonce :: Immobilier Tunisie TN -  petites annonces gratuites location vente terrain voiture auto moto  emploi immobilier BIZ,315010.0

28c2a17e-78c0-49c7-8576-8f7573abf59a,2026-04-13T19:45:00.003980+00:00,"Immobilier neuf à La Marsa, Immobilier neuf - Mubawab",315010.0

94f29931-8de3-4e79-aa3c-51e3b0d236cc,2026-04-13T19:44:58.000606+00:00,"Immobilier neuf à La Manouba, Immobilier neuf - Mubawab",315010.0

12c9a4c2-735c-4016-9356-1be2d3251fca,2026-04-13T19:44:55.960462+00:00,"Immobilier neuf à Kairouan Ville, Immobilier neuf - Mubawab",315010.0

d533b825-6e27-4600-80fc-eea61c64cfc1,2026-04-13T19:44:54.031888+00:00,"Immobilier neuf à Hammamet, Immobilier neuf - Mubawab",456468.0

16dde994-6bc9-44ad-ad72-4b67f8848886,2026-04-13T19:44:51.922048+00:00,"Immobilier neuf à Hammam Sousse, Immobilier neuf - Mubawab",315010.0

d5485f70-f5f4-45a0-ad94-31b9335097d1,2026-04-13T19:44:49.794746+00:00,"Immobilier neuf à Grombalia, Immobilier neuf - Mubawab",315010.0

2ff673f0-2ae8-42df-a53d-1ad824bb1123,2026-04-13T19:44:47.867997+00:00,"Immobilier neuf à Fouchana, Immobilier neuf - Mubawab",315010.0

1eac587f-c439-40f7-961e-f55348559330,2026-04-13T19:44:45.934064+00:00,"Immobilier neuf à Ezzahra, Immobilier neuf - Mubawab",362274.0

8b0cf33b-89cb-41bc-8b4f-a712eeaea27f,2026-04-13T19:44:44.189674+00:00,"Immobilier neuf à El Mourouj, Immobilier neuf - Mubawab",315010.0

45e3dd03-7f82-4229-b815-ca7b41379c08,2026-04-13T19:44:42.293137+00:00,"Immobilier neuf à El Menzah, Immobilier neuf - Mubawab",315010.0

9a374d87-866d-4246-a729-26d32c38ce2f,2026-04-13T19:44:40.662820+00:00,"Immobilier neuf à Djerba, Immobilier neuf - Mubawab",315010.0

e358706f-2041-4467-8a5d-2498189797c9,2026-04-13T19:44:39.075872+00:00,"Immobilier neuf à Carthage, Immobilier neuf - Mubawab",315010.0

6ca82d71-f4f8-40f7-a49b-34d2dc99e398,2026-04-13T19:44:37.238256+00:00,"Immobilier neuf à Boumhel Bassatine, Immobilier neuf - Mubawab",315010.0

8a42c2e7-46de-4244-9135-35d9bdf0b1d6,2026-04-13T19:44:35.417001+00:00,"Immobilier neuf à Bizerte, Immobilier neuf - Mubawab",315010.0

6a547c60-fab9-4cac-90d1-dbda547f88ea,2026-04-13T19:44:33.337761+00:00,"Immobilier neuf à Ariana Ville, Immobilier neuf - Mubawab",640086.0

3fa2a975-b568-4f69-84a1-0ae1bded105a,2026-04-13T19:44:31.636391+00:00,"Immobilier neuf à Akouda, Immobilier neuf - Mubawab",315010.0

37b92f88-bdc8-44e0-ad61-85224113ff91,2026-04-13T19:44:30.061237+00:00,"Nuova costruzione Tunisia, Nuova costruzione - Mubawab",851517.0

6ebe8dda-5ac0-48c4-8b3a-c9705976c62f,2026-04-13T19:44:28.247730+00:00,"New homes Tunisia, New homes - Mubawab",405917.0

c7176fb0-4b71-4a2b-a9d9-d42a880a3930,2026-04-13T19:44:26.467057+00:00,"قارات جديدة في تونس, عقارات جديدة - Mubawab",315010.0

ab422fa1-8f11-46cd-9583-447d798a02ec,2026-04-13T19:44:24.774612+00:00,"Immobilier neuf en Tunisie, Immobilier neuf - Mubawab",315010.0

e1ab3f23-8125-4ae3-9c92-3861cce5523d,2026-04-13T19:44:21.414290+00:00,A vendre Appartement S0 au Lac2,334622.0

aa9b5e45-deec-42c5-9dbb-088333f1a2a7,2026-04-13T19:44:20.212289+00:00,À Louer Appartement S2 Indépendant au Lac 2,347308.0

06386452-914a-480c-a37e-2187cfea2aac,2026-04-13T19:44:18.261227+00:00,Appartement S+3 à louer à Cité les Palmeraies,315010.0

5adb82e6-c918-4d4f-a40f-6657b9756606,2026-04-13T19:44:17.031679+00:00,Appartement S+2 à vendre à Cité les Palmeraies,315010.0

ba3ed992-e7a7-4726-b439-f8a26a9d63e2,2026-04-13T19:44:15.773786+00:00,Appartement à vendre à Djerba Aghir 200m de la plage,409188.0

dbbef776-5660-4495-ab66-e9f1d27d513a,2026-04-13T19:44:14.478877+00:00,A Louer un bel S+3 très haut standing à l'Aouina,508714.0

80a6a959-a971-4eb7-8ae0-9facae18137b,2026-04-13T19:44:12.724226+00:00,A Louer un appartement S+2 à l'Aouina,337158.0

a8b3ecb8-4d19-4d25-9c5e-a722f95aa0d5,2026-04-13T19:44:11.293786+00:00,A Vendre un S+4 à Jardins de Carthage,516928.0

797d47d1-99f1-43a2-92fb-60a4453d855c,2026-04-13T19:44:09.725770+00:00,A louer un appartement Très Haut Standing au Menzah 9 S3,319807.0

179dd4f9-a0ef-47a9-8089-b63584f2be35,2026-04-13T19:44:08.353898+00:00,Location S+1 meublé pour moyenne ou longue durée à la Goulette,319807.0

db5dee37-4064-411b-b0b9-bcc8edcaa472,2026-04-13T19:44:06.858507+00:00,"À louer – Duplex à Khreidine, La Goulette",315010.0

82c4f8a1-a447-4166-b77e-d31a19384e04,2026-04-13T19:44:04.869288+00:00,À louer Cosy S+1 Meublé à Ain Zaghouane,315010.0

5e95130b-f6b4-4cb5-9265-81cb34308eed,2026-04-13T19:44:03.391294+00:00,A Louer Appartement S1 au Lac1,345131.0

bb0884f6-63d3-48fc-9a8c-7485397c3af6,2026-04-13T19:44:02.029851+00:00,Appartement meublé Les Berges du Lac 1,315010.0

740f50a7-568e-461c-b151-cc92712c62f4,2026-04-13T19:44:00.182633+00:00,A Louer un S+2 haut standing à Cité Wahat l'Aouina,319807.0

78d408f3-7978-4333-afdd-cb8ce7bc5457,2026-04-13T19:43:58.397871+00:00,A louer un bel Appartement S+3  au  lac 2,520221.0

b0286a76-00a8-4c7b-9493-3360038b5cff,2026-04-13T19:43:57.027511+00:00,"Rechercher de l'immobilier, des voitures, des smartphones et PCs, et plus sur tayara",310962.0

f235c4b1-41fa-436a-a859-ec77c63745aa,2026-04-13T19:43:54.589856+00:00,À Louer – Espace Bureautique Haut Standing au Lac 2,552714.0

1a7aadae-ae62-4550-8871-13c881da933f,2026-04-13T19:43:51.956431+00:00,Appartements,806207.0

ba5469c9-25ab-4ea7-bb4e-43ed430ffddc,2026-04-13T19:43:49.646731+00:00,Tayara | Achetez et vendre gratuitement près de chez vous,161736.0

ccce9617-b44e-4ad3-9098-e5935adc1acc,2026-04-13T16:40:01.512332+00:00,Bien  en Vente à Cité El Khadra: découvrez dès maintenant les nombreuses annonce,315010.0

8c340cc4-f06a-414a-801c-394c7efa27fc,2026-04-13T16:39:58.180080+00:00,Bien  en Vente à Centre Urbain Nord: découvrez dès maintenant les nombreuses ann,315010.0

03e9da06-009c-4c64-8c38-6e0e331b0193,2026-04-13T16:39:54.954933+00:00,Bien  en Vente à Carthage: découvrez dès maintenant les nombreuses annonces de B,315010.0

5656c1b1-4cb1-4e0d-9d13-714b127594ae,2026-04-13T16:39:51.627624+00:00,Bien  en Vente à Bou Mhel El-Bassatine: découvrez dès maintenant les nombreuses ,315010.0

d74b9d39-733d-4ee4-9e38-a00cd8c886b9,2026-04-13T16:39:48.029146+00:00,Bien  en Vente à Borj Cédria: découvrez dès maintenant les nombreuses annonces d,315010.0

bbbed5ad-0927-4bb0-bd92-7bdb67eaa968,2026-04-13T16:39:44.273521+00:00,Bien  en Vente à Ben Arous: découvrez dès maintenant les nombreuses annonces de ,315010.0

ccf38a37-59b9-4bfd-9c22-48d8d4185311,2026-04-13T16:39:40.480460+00:00,Bien  en Vente à Ariana: découvrez dès maintenant les nombreuses annonces de Bie,315010.0

c69091f8-cae4-406e-85d3-6d7584eab5d5,2026-04-13T16:39:36.967948+00:00,Bien  en Vente à Aouina: découvrez dès maintenant les nombreuses annonces de Bie,315010.0

dc6ffd81-b259-432d-aa52-261e32b8c5a2,2026-04-13T16:39:33.429449+00:00,Bien  en Vente à Ain Zaghouan: découvrez dès maintenant les nombreuses annonces ,315010.0

e7b1c911-909f-4a3c-9b2f-cf070f9a458f,2026-04-13T16:39:29.787746+00:00,Annonces par Bien en Vente dans la zone de  Grand Tunis. Cherchez parmi des mill,315010.0

fa2febc3-64e9-4f2e-82d3-14e395fb0595,2026-04-13T16:39:26.482594+00:00,Annonces par Bien en Vente dans la zone de  Grand Tunis. Cherchez parmi des mill,315010.0

a92adfd6-d9a4-49bc-8f6d-d5dd405ca983,2026-04-13T16:39:23.075567+00:00,Annonces par Bien en Vente dans la zone de  Grand Tunis. Cherchez parmi des mill,315010.0

367e98e3-d662-4dc7-9129-c534a738bebf,2026-04-13T16:39:19.094775+00:00,Annonces par Bien en Vente dans la zone de  Grand Tunis. Cherchez parmi des mill,315010.0

8b4a3f1e-44aa-4a5e-a547-01829ecb72eb,2026-04-13T16:39:15.522631+00:00,Annonces par Bien en Vente dans la zone de  Grand Tunis. Cherchez parmi des mill,315010.0

73c0adc6-7b9f-4a1d-b04b-018142f17f38,2026-04-13T16:39:11.990985+00:00,Annonces par Bien en Vente dans la zone de  Grand Tunis. Cherchez parmi des mill,315010.0

25232b1b-ddf3-4849-aff0-44e942546448,2026-04-13T16:39:08.588873+00:00,Annonces par Bien en Vente dans la zone de  Grand Tunis. Cherchez parmi des mill,315010.0

d4ac91ec-bb9b-4668-8194-09f86cfaea31,2026-04-13T16:39:03.855844+00:00,Annonces par Bien en Vente dans la zone de  Grand Tunis. Cherchez parmi des mill,315010.0

14f326d3-342b-4cc3-8bd8-81b387e5fee4,2026-04-13T16:39:00.173580+00:00,Annonces de inmuebles en vente à Grand Tunis et zone,315010.0

64261027-446c-472f-8e59-40a4d84719b7,2026-04-13T16:38:55.874117+00:00,Annonces maisons et appartements à vendre et à louer - Tecnocasa.tn,315010.0

cc1ef580-4374-46a8-96ca-63aae10e62c4,2026-04-13T16:38:50.957916+00:00,"Annonces de biens immobilier pour entreprise et commerce, location et vente de biens immobiliers - Tecnocasa.tn",315010.0

11a59272-b5fe-43d7-a68d-224aabdde8b4,2026-04-13T16:38:45.163815+00:00,Maison in Sousse Medina,774989.0

2497c5bc-5184-4590-bfc2-6be499595767,2026-04-13T16:38:43.408344+00:00,www.tunisie-annonce.com - Gestion des annonces,161736.0

70da757c-a762-44d4-8802-96fa277663dc,2026-04-13T16:38:41.775575+00:00,www.tunisie-annonce.com - Le site des petites annonces,161736.0

2b015a44-c80a-4729-a825-5dd08cc2c477,2026-04-13T16:38:40.207696+00:00,Petites Annonces  Services en Tunisie,315010.0

8640c17a-9056-48ad-a635-bcf1f9806bc7,2026-04-13T16:38:37.188143+00:00,Petites Annonces  Bonnes Affaires en Tunisie,315010.0

20a6a64b-cb91-47de-a304-665f6c9745e6,2026-04-13T16:38:34.263953+00:00,Petites Annonces  Informatique en Tunisie,315010.0

de1c6687-dd9f-4650-983a-486ebac51a58,2026-04-13T16:38:31.399513+00:00,Petites Annonces  Electroménager en Tunisie,315010.0

5c75e2c9-7a46-48d1-a0ce-7bcd47858950,2026-04-13T16:38:28.419630+00:00,Petites Annonces  Image & Son en Tunisie,315010.0

c8d4a01a-55a0-4ac7-bc53-61609aa91add,2026-04-13T16:38:25.089339+00:00,Petites Annonces  Téléphonie en Tunisie,315010.0

7a269807-6035-4a76-a560-eacfc0826485,2026-04-13T16:38:21.920979+00:00,Petites Annonces Emploi en Tunisie - Toutes les offres d'emploi. Déposer votre CV et lettre de motivation,315010.0

58bbf945-2f92-43be-b92b-95af6da7f2ae,2026-04-13T16:38:19.077029+00:00,Petites Annonces Auto/Moto en Tunisie - Voitures d'occasion et neuves | Peugeots | Volkswagen | Renault | Nissan | Fiat | Citroen,315010.0

4fd2627e-cd0f-43d0-8657-ae366732f3c5,2026-04-13T16:38:15.607019+00:00,Petites Annonces Immobilier en Tunisie,315010.0

c5887330-4bcc-4858-8ada-3090ce040adb,2026-04-13T16:38:12.420964+00:00,Petites Annonces Terrain en Tunisie,315010.0

0a498cb2-3711-48eb-a037-c9f322f571a1,2026-04-13T16:38:09.629767+00:00,Petites Annonces Vente en Tunisie,787851.0

00582d90-af20-42e6-88f1-ec7fb7255ead,2026-04-13T16:38:06.713775+00:00,Petites Annonces Location vacances en Tunisie,315010.0

d39f44e0-aec2-48f7-a64e-0c50eedc13ae,2026-04-13T16:38:03.899682+00:00,Petites Annonces Location en Tunisie,552714.0

0823e458-0bf3-4ab6-bb74-251cb473cc6a,2026-04-13T16:38:00.913003+00:00,Petites Annonces Immobilier en Tunisie,552714.0

63627315-af91-403c-9fdf-046398dae20e,2026-04-13T16:37:57.860741+00:00,www.tunisie-annonce.com - Le site des petites annonces,315010.0

fd9d79ed-8507-4979-ba26-c314ebc9db6c,2026-04-13T16:37:55.644772+00:00,Tunisie Annonce :: Immobilier Tunisie TN -  petites annonces gratuites location vente terrain voiture auto moto  emploi immobilier BIZ,787851.0

f1a28ed4-ef4c-48e4-b070-25a029f04938,2026-04-13T16:37:53.172376+00:00,Tunisie Annonce :: Immobilier Tunisie TN -  petites annonces gratuites location vente terrain voiture auto moto  emploi immobilier BIZ,787851.0

0da193da-61ca-422b-a059-e6769250ca4f,2026-04-13T16:37:46.695037+00:00,"Immobilier neuf à La Marsa, Immobilier neuf - Mubawab",315010.0

0148ca8e-e3e1-495f-a76f-4958a6464c1e,2026-04-13T16:37:42.354787+00:00,"Immobilier neuf à La Manouba, Immobilier neuf - Mubawab",315010.0

1a8b2a7d-d3d5-4515-9f5c-4ae8bf3bc941,2026-04-13T16:37:38.131981+00:00,"Immobilier neuf à Kairouan Ville, Immobilier neuf - Mubawab",315010.0

83897999-af04-40ba-8ebf-9b06173e6212,2026-04-13T16:37:33.935239+00:00,"Immobilier neuf à Hammamet, Immobilier neuf - Mubawab",456468.0

41f2ad04-703a-4ff8-a5ea-5e769504a432,2026-04-13T16:37:30.047084+00:00,"Immobilier neuf à Hammam Sousse, Immobilier neuf - Mubawab",315010.0

2531c2b1-11a6-4910-9220-45bcbb28056e,2026-04-13T16:37:25.871502+00:00,"Immobilier neuf à Grombalia, Immobilier neuf - Mubawab",315010.0

0bafe927-e2b2-47a8-b607-4e358f6e324e,2026-04-13T16:37:21.567511+00:00,"Immobilier neuf à Fouchana, Immobilier neuf - Mubawab",315010.0

d7f65556-066d-4e3c-a3b8-6f8baeb83861,2026-04-13T16:37:17.002528+00:00,"Immobilier neuf à Ezzahra, Immobilier neuf - Mubawab",362274.0

d218917a-4c42-47db-a4b7-1ed1badc473e,2026-04-13T16:37:13.096969+00:00,"Immobilier neuf à El Mourouj, Immobilier neuf - Mubawab",315010.0

597dda3d-d896-4ba0-9c77-de04bc8f4406,2026-04-13T16:37:08.970738+00:00,"Immobilier neuf à El Menzah, Immobilier neuf - Mubawab",315010.0

6cfbc09b-054c-4f34-9411-1044cce3c6e6,2026-04-13T16:37:04.617483+00:00,"Immobilier neuf à Djerba, Immobilier neuf - Mubawab",315010.0

097da95d-a69c-49dc-b670-f7a4e03f0f31,2026-04-13T16:36:59.883260+00:00,"Immobilier neuf à Carthage, Immobilier neuf - Mubawab",315010.0

37064b5c-008f-4c38-a7fd-0b6158062c4d,2026-04-13T16:36:56.073023+00:00,"Immobilier neuf à Boumhel Bassatine, Immobilier neuf - Mubawab",315010.0

176e74b4-e43c-4c04-b83c-86e661270658,2026-04-13T16:36:52.124037+00:00,"Immobilier neuf à Bizerte, Immobilier neuf - Mubawab",315010.0

83b6f6da-e0d1-40c6-8cc9-c156509c5fa7,2026-04-13T16:36:48.250423+00:00,"Immobilier neuf à Ariana Ville, Immobilier neuf - Mubawab",640086.0

2d8d23ea-2ede-4be6-9833-7d9d0bab6e4a,2026-04-13T16:36:44.097088+00:00,"Immobilier neuf à Akouda, Immobilier neuf - Mubawab",315010.0

84c5455b-a983-44c4-b7a2-f95492fcb1b0,2026-04-13T16:36:40.018592+00:00,"Nuova costruzione Tunisia, Nuova costruzione - Mubawab",851517.0

2c474e70-8125-4e2f-a588-4038a6fe7b84,2026-04-13T16:36:35.379719+00:00,"New homes Tunisia, New homes - Mubawab",405917.0

53b70f0d-ac69-497c-b813-7783ec9ca007,2026-04-13T16:36:30.712283+00:00,"قارات جديدة في تونس, عقارات جديدة - Mubawab",315010.0

56f55ce3-0f6a-4255-a3b4-02adb135cbe5,2026-04-13T16:36:29.121132+00:00,"Immobilier neuf en Tunisie, Immobilier neuf - Mubawab",362274.0

fd8ddd4e-7538-4a62-b9c5-a35a833f6f8a,2026-04-13T16:36:26.540467+00:00,A vendre Appartement S0 au Lac2,334622.0

a70f04ec-9767-4d60-acbf-a49a716b4e62,2026-04-13T16:36:25.283118+00:00,À Louer Appartement S2 Indépendant au Lac 2,347308.0

a426d958-60e1-4a08-a739-eb04d15c6bd2,2026-04-13T16:36:23.818915+00:00,Appartement S+3 à louer à Cité les Palmeraies,315010.0

08dc76cb-fe73-403b-9cf1-27062ef0ceee,2026-04-13T16:36:22.393599+00:00,Appartement S+2 à vendre à Cité les Palmeraies,315010.0

0abba025-9dc9-4601-93a9-2ff07155b30a,2026-04-13T16:36:21.371663+00:00,Appartement à vendre à Djerba Aghir 200m de la plage,409188.0

1580bf35-2334-427c-95a3-0093cb1222a7,2026-04-13T16:36:20.002037+00:00,A Louer un bel S+3 très haut standing à l'Aouina,508714.0

c019277c-d1db-48ea-b1b6-fdc49516ce3c,2026-04-13T16:36:18.644518+00:00,A Louer un appartement S+2 à l'Aouina,337158.0

ac2eaa28-0c66-48a4-81f6-540512337bae,2026-04-13T16:36:17.360441+00:00,A Vendre un S+4 à Jardins de Carthage,516928.0

c2dc8b94-f4f2-4ae2-b63d-7947de06a590,2026-04-13T16:36:16.064797+00:00,A louer un appartement Très Haut Standing au Menzah 9 S3,319807.0

6fdaf390-29fe-426f-9598-c4967e4abe67,2026-04-13T16:36:15.082375+00:00,Location S+1 meublé pour moyenne ou longue durée à la Goulette,319807.0

5f9066b7-1409-450e-9806-3a676403132c,2026-04-13T16:36:14.075795+00:00,"À louer – Duplex à Khreidine, La Goulette",315010.0

af38f35f-ed07-453a-99ca-337d5e312d73,2026-04-13T16:36:12.915459+00:00,À louer Cosy S+1 Meublé à Ain Zaghouane,315010.0

53874b4a-6e53-4e6e-a74e-de6e022a41c1,2026-04-13T16:36:11.775599+00:00,A Louer Appartement S1 au Lac1,345131.0

eac6fe87-e49d-4483-bcf9-8e800d6a2d51,2026-04-13T16:36:10.607850+00:00,Appartement meublé Les Berges du Lac 1,315010.0

6bf6edf1-a8b1-4426-908e-66680b90b585,2026-04-13T16:36:09.146620+00:00,A Louer un S+2 haut standing à Cité Wahat l'Aouina,319807.0

5142f9b1-0075-492c-ba65-38d14813fcab,2026-04-13T16:36:07.881549+00:00,A louer un bel Appartement S+3  au  lac 2,520221.0

d96933cc-9fa2-462e-9bc7-41f3f9b0a065,2026-04-13T16:36:06.749097+00:00,"Rechercher de l'immobilier, des voitures, des smartphones et PCs, et plus sur tayara",310962.0

4e869698-4359-4cb8-9144-8c76c5f3c2a2,2026-04-13T16:36:03.893464+00:00,À Louer – Espace Bureautique au  rue de Cameroun,536716.0

8aa68b44-b869-41e8-8d86-7cf0b1ed17be,2026-04-13T16:36:02.479364+00:00,Appartements,360175.0

98e29253-52e3-4177-a3ad-ebb2886b21c4,2026-04-13T16:35:59.627960+00:00,Tayara | Achetez et vendre gratuitement près de chez vous,161736.0

bf142b29-ccbd-4889-84fc-37241990a486,2026-04-13T13:52:52.972394+00:00,Commercial in Sfax Ville,221769.0

a43efae5-ad46-4ced-aa8f-b3683b2b9e7c,2026-04-13T13:52:22.904183+00:00,Maison in Sousse Medina,893518.0

26e0f862-b62f-46c4-986f-113c27bf341e,2026-04-13T13:52:22.283043+00:00,Terrain in Ariana Ville,1102998.0

1aa614e4-27f6-4441-8646-900d9c3e842e,2026-04-13T13:52:20.643996+00:00,Commercial in Ariana Ville,213223.0

3aaf7a6a-c9f3-48f5-b37f-d5718da841e0,2026-04-13T13:51:53.509503+00:00,Terrain in Sousse Medina,620916.0

0473a1e3-5bf2-4bff-ac02-d396d48e89f7,2026-04-13T13:51:22.509852+00:00,Maison in Sousse Medina,803342.0

35d2b138-0c81-4e37-85ef-61295c416f00,2026-04-13T13:50:52.461238+00:00,Appartement in La Marsa,212062.0

a5389dcd-6c6b-4457-a2cd-ac2aa4202d8e,2026-04-13T13:50:22.555704+00:00,Appartement in Hammamet,201708.0

7a66ede0-a502-438b-a2b8-53f115a37dd9,2026-04-13T13:49:52.463957+00:00,Commercial in Sfax Ville,203884.0

65017e09-914a-489d-bad8-179455b42d3b,2026-04-13T13:49:22.575152+00:00,Maison in Sousse Medina,874133.0

3bf972ce-0672-41d2-87a5-d51a8a92127a,2026-04-13T13:48:18.815177+00:00,Location S+1 meublé pour moyenne ou longue durée à la Goulette,319807.0

fada4cbf-8b9d-4a13-84ed-cae3ce92b121,2026-04-13T13:48:08.018354+00:00,"À louer – Duplex à Khreidine, La Goulette",315010.0

ddaf3f2f-1cb2-41bb-a2f2-9286deb3cabe,2026-04-13T13:48:05.943099+00:00,À louer Cosy S+1 Meublé à Ain Zaghouane,315010.0

264a92e8-60b3-4463-8f5b-b0384a201b3b,2026-04-13T13:48:03.577944+00:00,A Louer Appartement S1 au Lac1,345131.0

1da59907-d2eb-4434-b2f2-3d7cc062e8fe,2026-04-13T13:48:01.580641+00:00,Appartement meublé Les Berges du Lac 1,315010.0

c4ab3e82-f054-484c-aeff-9cd32d1a79df,2026-04-13T13:47:59.494289+00:00,A Louer un S+2 haut standing à Cité Wahat l'Aouina,319807.0

cf2cc6f6-192e-4895-810d-8b536f63bee0,2026-04-13T13:47:57.197811+00:00,"Rechercher de l'immobilier, des voitures, des smartphones et PCs, et plus sur tayara",434635.0

395b1809-f0be-4aea-a283-1b313eb20319,2026-04-13T13:47:53.817457+00:00,"Un bureau de coworking ouvert entièrement équipé pour vous et votre équipe à Tunis, Le Golfe de Tunis",304798.0

c2b744fc-501d-4de8-aa83-42a9f5d00be1,2026-04-13T13:47:52.198885+00:00,Appartements,315010.0

e4252f6b-402b-4313-9f90-501249ca3f82,2026-04-13T13:47:49.375774+00:00,Tayara | Achetez et vendre gratuitement près de chez vous,161736.0

fc00abf0-a368-4754-9987-8058122d3c49,2026-04-13T13:23:34.784358+00:00,Bien  en Vente à Cité El Khadra: découvrez dès maintenant les nombreuses annonce,315010.0

52341355-45eb-43c8-9ca9-7890e8dc79e9,2026-04-13T13:23:32.658906+00:00,Bien  en Vente à Centre Urbain Nord: découvrez dès maintenant les nombreuses ann,315010.0

d39294cf-0d4c-4aac-af0b-c7fa229d56a6,2026-04-13T13:23:30.607302+00:00,Bien  en Vente à Carthage: découvrez dès maintenant les nombreuses annonces de B,315010.0

76487e7c-03b3-48fb-9582-9fa0538cadb5,2026-04-13T13:23:27.745465+00:00,Bien  en Vente à Bou Mhel El-Bassatine: découvrez dès maintenant les nombreuses ,315010.0

f5cbc24f-9a5e-4db1-9012-a3b2219de29e,2026-04-13T13:23:25.475307+00:00,Bien  en Vente à Borj Cédria: découvrez dès maintenant les nombreuses annonces d,315010.0

ca94920c-1597-4648-bebf-b4c013eb59f0,2026-04-13T13:23:22.952031+00:00,Bien  en Vente à Ben Arous: découvrez dès maintenant les nombreuses annonces de ,315010.0

5d9463e8-fd53-411a-9045-60987f71d26d,2026-04-13T13:23:18.767191+00:00,Bien  en Vente à Ariana: découvrez dès maintenant les nombreuses annonces de Bie,315010.0

3243c58c-224b-4763-b6b9-f0a915f14832,2026-04-13T13:23:17.393448+00:00,Bien  en Vente à Aouina: découvrez dès maintenant les nombreuses annonces de Bie,315010.0

94df8c3d-3cef-4eef-aab2-396e26d357df,2026-04-13T13:23:15.372611+00:00,Bien  en Vente à Ain Zaghouan: découvrez dès maintenant les nombreuses annonces ,315010.0

c17b9559-719b-4873-ac8a-7e06f1626fc3,2026-04-13T13:23:13.487593+00:00,Annonces par Bien en Vente dans la zone de  Grand Tunis. Cherchez parmi des mill,315010.0

06d6813a-472a-4e8e-857d-cf473f5e87a0,2026-04-13T13:23:11.803479+00:00,Annonces par Bien en Vente dans la zone de  Grand Tunis. Cherchez parmi des mill,315010.0

960ca371-619b-484a-8e75-1e090a67f4f7,2026-04-13T13:23:10.642505+00:00,Annonces par Bien en Vente dans la zone de  Grand Tunis. Cherchez parmi des mill,315010.0

903eb092-b06e-466a-93d9-80dfb9f61603,2026-04-13T13:23:09.145264+00:00,Annonces par Bien en Vente dans la zone de  Grand Tunis. Cherchez parmi des mill,315010.0

34c99bf4-58c9-48fe-a047-57b8e46c2b15,2026-04-13T13:23:07.848165+00:00,Annonces par Bien en Vente dans la zone de  Grand Tunis. Cherchez parmi des mill,315010.0

58b51067-d081-4907-b622-3c8969b3a727,2026-04-13T13:23:06.444246+00:00,Annonces par Bien en Vente dans la zone de  Grand Tunis. Cherchez parmi des mill,315010.0

b650972b-1229-48df-99b7-2919c95e306d,2026-04-13T13:23:04.823134+00:00,Annonces par Bien en Vente dans la zone de  Grand Tunis. Cherchez parmi des mill,315010.0

3e017cbe-dc61-4bbe-b032-b7c8cc7f8d28,2026-04-13T13:23:03.032668+00:00,Annonces par Bien en Vente dans la zone de  Grand Tunis. Cherchez parmi des mill,315010.0

713c19ff-fa22-4a18-9424-f538d73b4d03,2026-04-13T13:23:01.324216+00:00,Annonces de inmuebles en vente à Grand Tunis et zone,315010.0

6e48e9f8-ac0e-4a33-b81c-1d104614faf4,2026-04-13T13:22:59.947025+00:00,Annonces maisons et appartements à vendre et à louer - Tecnocasa.tn,315010.0

02629652-b669-4e0c-bab4-852769ed0c23,2026-04-13T13:22:56.820808+00:00,"Annonces de biens immobilier pour entreprise et commerce, location et vente de biens immobiliers - Tecnocasa.tn",315010.0

baa61224-da79-4704-926a-78fabd778252,2026-04-13T13:22:53.592582+00:00,Maison in Sousse Medina,774989.0

1acf76a9-d829-4297-aeba-f78afa4e24cd,2026-04-13T13:22:51.973689+00:00,www.tunisie-annonce.com - Gestion des annonces,161736.0

cf2c5cbf-c2a5-4639-8e84-f0cb5c30cb19,2026-04-13T13:22:51.086273+00:00,www.tunisie-annonce.com - Le site des petites annonces,161736.0

a8dbf696-3629-4470-bce1-19f62eb83b3e,2026-04-13T13:22:50.101813+00:00,Petites Annonces  Services en Tunisie,315010.0

65cadfe5-6301-4ad9-941b-4b5649a38655,2026-04-13T13:22:47.761925+00:00,Petites Annonces  Bonnes Affaires en Tunisie,315010.0

8436ebff-882e-4e4f-91ce-b18a132d2d51,2026-04-13T13:22:45.819095+00:00,Petites Annonces  Informatique en Tunisie,315010.0

a34e337a-78cf-41c4-aebd-4eca22b236e9,2026-04-13T13:22:41.292621+00:00,Petites Annonces  Electroménager en Tunisie,315010.0

3cd9ee9d-8206-444a-8068-8fb5e985daf2,2026-04-13T13:22:39.636684+00:00,Petites Annonces  Image & Son en Tunisie,315010.0

6c69ed9b-8513-4341-b22e-670d6d047508,2026-04-13T13:22:37.676457+00:00,Petites Annonces  Téléphonie en Tunisie,315010.0

9fe2f4ae-c93b-4990-b467-677d134e73be,2026-04-13T13:22:35.177082+00:00,Petites Annonces Emploi en Tunisie - Toutes les offres d'emploi. Déposer votre CV et lettre de motivation,315010.0

da8547b2-0e44-4a4c-b773-991f55fa2746,2026-04-13T13:22:33.438292+00:00,Petites Annonces Auto/Moto en Tunisie - Voitures d'occasion et neuves | Peugeots | Volkswagen | Renault | Nissan | Fiat | Citroen,315010.0

03e08fca-0264-4dfb-a46e-665e9e8663ba,2026-04-13T13:22:31.383705+00:00,Petites Annonces Immobilier en Tunisie,315010.0

213837e2-96f3-4bf9-87da-741eae765a7d,2026-04-13T13:22:28.789607+00:00,Petites Annonces Terrain en Tunisie,497652.0

f2a8f671-4e9c-4418-a27c-a8765cae90c8,2026-04-13T13:22:26.419201+00:00,Petites Annonces Vente en Tunisie,315010.0

ba4b3348-acad-4a16-bdfc-861f5dd3241e,2026-04-13T13:22:24.293547+00:00,Petites Annonces Location vacances en Tunisie,315010.0

7c66a562-726e-43a4-8720-b3f664007d69,2026-04-13T13:22:22.665202+00:00,Petites Annonces Location en Tunisie,419659.0

5b043fb7-a35b-4f9e-9b32-866e4ef1e482,2026-04-13T13:22:21.671033+00:00,Petites Annonces Immobilier en Tunisie,419659.0

bdec5748-0416-48c5-95aa-485dbb011097,2026-04-13T13:22:20.587562+00:00,www.tunisie-annonce.com - Le site des petites annonces,315010.0

fd318e68-f74e-4aed-90b2-0fbbedd4378e,2026-04-13T13:22:19.819970+00:00,Tunisie Annonce :: Immobilier Tunisie TN -  petites annonces gratuites location vente terrain voiture auto moto  emploi immobilier BIZ,315010.0

3a1214dd-cef3-4bf1-9b87-67f80e956c4e,2026-04-13T13:22:18.766605+00:00,Tunisie Annonce :: Immobilier Tunisie TN -  petites annonces gratuites location vente terrain voiture auto moto  emploi immobilier BIZ,315010.0

d7e55c16-890c-4401-8e52-026727bb42c4,2026-04-13T13:22:16.687680+00:00,"Immobilier neuf à La Marsa, Immobilier neuf - Mubawab",315010.0

6569102f-8421-4b35-8ba5-810e0b8bf65c,2026-04-13T13:22:14.912285+00:00,"Immobilier neuf à La Manouba, Immobilier neuf - Mubawab",315010.0

16c82e57-6b6d-410a-977f-7874f73006f4,2026-04-13T13:22:13.018166+00:00,"Immobilier neuf à Kairouan Ville, Immobilier neuf - Mubawab",315010.0

d7f24a8a-9cea-477f-a5f2-b692239b2d90,2026-04-13T13:22:11.490017+00:00,"Immobilier neuf à Hammamet, Immobilier neuf - Mubawab",456468.0

0f23e61e-4e6b-4d4d-8e48-f44b3aa295af,2026-04-13T13:22:09.919257+00:00,"Immobilier neuf à Hammam Sousse, Immobilier neuf - Mubawab",315010.0

63cf4e02-9292-4e98-bee2-352983687b3c,2026-04-13T13:22:08.348751+00:00,"Immobilier neuf à Grombalia, Immobilier neuf - Mubawab",315010.0

c3681a6f-d0e5-476d-8543-67f88b2b4f79,2026-04-13T13:22:06.497930+00:00,"Immobilier neuf à Fouchana, Immobilier neuf - Mubawab",315010.0

d561aaf0-7935-46ad-83f8-3446c4e95e28,2026-04-13T13:22:04.463401+00:00,"Immobilier neuf à Ezzahra, Immobilier neuf - Mubawab",362274.0

fb4d4d74-61dd-4583-9313-11b1fdd02092,2026-04-13T13:22:02.846863+00:00,"Immobilier neuf à El Mourouj, Immobilier neuf - Mubawab",315010.0

2dc9f624-09f3-4dc0-ab56-9b8c64207078,2026-04-13T13:22:01.213737+00:00,"Immobilier neuf à El Menzah, Immobilier neuf - Mubawab",315010.0

92a6cb5a-9f6e-4c3f-8099-b1020bdb8346,2026-04-13T13:21:59.659908+00:00,"Immobilier neuf à Djerba, Immobilier neuf - Mubawab",315010.0

5ddfe183-dd20-4123-8e52-9340626b0096,2026-04-13T13:21:58.005161+00:00,"Immobilier neuf à Carthage, Immobilier neuf - Mubawab",315010.0

46e6fb2a-8e6d-4d8e-be15-5c94ea96c5bf,2026-04-13T13:21:56.335726+00:00,"Immobilier neuf à Boumhel Bassatine, Immobilier neuf - Mubawab",315010.0

07befcac-a2bc-4277-ae10-7eb84a82f89b,2026-04-13T13:21:54.657056+00:00,"Immobilier neuf à Bizerte, Immobilier neuf - Mubawab",315010.0

d29091c1-ab73-40da-a054-cd99fdcf6679,2026-04-13T13:21:52.802104+00:00,"Immobilier neuf à Ariana Ville, Immobilier neuf - Mubawab",640086.0

8b81e53d-1ad6-490c-88f7-a8c0aead32ba,2026-04-13T13:21:51.016078+00:00,"Immobilier neuf à Akouda, Immobilier neuf - Mubawab",315010.0

3173c85e-37ad-49ea-b1bd-36c362ce3830,2026-04-13T13:21:48.752899+00:00,"Nuova costruzione Tunisia, Nuova costruzione - Mubawab",393919.0

eed1ff3b-a161-4660-9210-287557181e7f,2026-04-13T13:21:46.300565+00:00,"New homes Tunisia, New homes - Mubawab",566788.0

5a767387-75b8-48f3-b5de-03aa8b5f715f,2026-04-13T13:21:43.850832+00:00,"قارات جديدة في تونس, عقارات جديدة - Mubawab",315010.0

f26e7249-9ea4-4c30-8f8b-5a07a3197a15,2026-04-13T13:21:41.976510+00:00,"Immobilier neuf en Tunisie, Immobilier neuf - Mubawab",336982.0

6cd38076-7e7c-4797-aec4-4cf6d331eb96,2026-04-13T13:21:38.901712+00:00,appartement s3 avec un jardin très haut standing neuf,352597.0

752775f0-e54a-4236-89cb-47be9edc6cf4,2026-04-13T13:21:37.173301+00:00,a louer S+1 haut standing à cité Wahat l’aouina,319807.0

62bd09ba-bef5-46fe-acb5-c0eceffeb883,2026-04-13T13:21:35.854140+00:00,A vendre Appartement S0 au Lac2,334622.0

63fc3868-96f3-4a23-9dbc-04e00ef1a6b2,2026-04-13T13:21:34.552446+00:00,À Louer Appartement S2 Indépendant au Lac 2,347308.0

ae1565f6-167e-45d5-b77b-ebf6f4639e59,2026-04-13T13:21:32.767570+00:00,Appartement S+3 à louer à Cité les Palmeraies,315010.0

f9f4ce13-1c0e-41e1-a9b0-01a8f5f48030,2026-04-13T13:21:30.446728+00:00,Appartement S+2 à vendre à Cité les Palmeraies,315010.0

3fdb528d-4362-41e8-bfe1-058650ea3159,2026-04-13T13:21:28.294697+00:00,Appartement à vendre à Djerba Aghir 200m de la plage,409188.0

c3c28f51-5e93-42f7-81ac-bf2438bb0792,2026-04-13T13:21:26.951869+00:00,A Louer un bel S+3 très haut standing à l'Aouina,508714.0

ca9abfc5-b79c-44d0-a74b-3383055799c7,2026-04-13T13:21:25.538870+00:00,A Louer un appartement S+2 à l'Aouina,337158.0

a208245b-ae48-49c8-beca-51a0974e1053,2026-04-13T13:21:24.073999+00:00,A Vendre un S+4 à Jardins de Carthage,516928.0

583d80dd-0ef6-40dc-81d8-9415ce500727,2026-04-13T13:21:21.791392+00:00,A louer un appartement Très Haut Standing au Menzah 9 S3,319807.0

3c6225d3-eeb4-4466-b47d-2a7643736c66,2026-04-13T13:21:20.389307+00:00,Location S+1 meublé pour moyenne ou longue durée à la Goulette,319807.0

1bd536f6-6733-429b-b9bd-9a158f51965d,2026-04-13T13:21:18.534584+00:00,"À louer – Duplex à Khreidine, La Goulette",315010.0

6109cb6e-5d65-4f73-b497-56d65ff75a9d,2026-04-13T13:21:15.752030+00:00,À louer Cosy S+1 Meublé à Ain Zaghouane,315010.0

4f57e17e-86dd-4f03-87d6-5a3647598750,2026-04-13T13:21:13.263558+00:00,A Louer Appartement S1 au Lac1,345131.0

aa35610b-aa27-4dc6-8aaa-966bcfc106ac,2026-04-13T13:21:11.125153+00:00,Appartement meublé Les Berges du Lac 1,315010.0

e80b2154-eba2-42d7-9ffc-e86bfe64c47d,2026-04-13T13:21:08.889913+00:00,"Rechercher de l'immobilier, des voitures, des smartphones et PCs, et plus sur tayara",434635.0

00e74f8e-2b45-4f28-a8f3-371ce85dee76,2026-04-13T13:21:04.809799+00:00,A vendre un appartement S+2 au 2éme étage,302939.0

816c2e0f-78b1-4fc3-993c-f41e60532e82,2026-04-13T13:21:02.533479+00:00,Appartements,315010.0

b1d138d6-b4f5-48ef-b960-6401367d9901,2026-04-13T13:20:59.962956+00:00,Tayara | Achetez et vendre gratuitement près de chez vous,161736.0

demo-listing_,2026-04-11T00:00:00+00:00,Agent Demo Listing,123456.0

demo-tements_,2026-04-11T00:00:00+00:00,Agent Demo Listing,123456.0

demo-dd40d7e_,2026-04-11T00:00:00+00:00,Agent Demo Listing,123456.0

demo-defined_,2026-04-11T00:00:00+00:00,Agent Demo Listing,123456.0

demo-0022595_,2026-04-11T00:00:00+00:00,Agent Demo Listing,123456.0

demo-0018415_,2026-04-11T00:00:00+00:00,Agent Demo Listing,123456.0

demo-9d56566_,2026-04-11T00:00:00+00:00,Agent Demo Listing,123456.0

demo-b175a2a_,2026-04-11T00:00:00+00:00,Agent Demo Listing,123456.0

demo-a879521_,2026-04-11T00:00:00+00:00,Agent Demo Listing,123456.0

demo-ec5e95c_,2026-04-11T00:00:00+00:00,Agent Demo Listing,123456.0

demo-536c3f9_,2026-04-11T00:00:00+00:00,Agent Demo Listing,123456.0

demo-441de47_,2026-04-11T00:00:00+00:00,Agent Demo Listing,123456.0

demo-ec5d2b0_,2026-04-11T00:00:00+00:00,Agent Demo Listing,123456.0

demo-80cc288_,2026-04-11T00:00:00+00:00,Agent Demo Listing,123456.0

demo-a8a3a47_,2026-04-11T00:00:00+00:00,Agent Demo Listing,123456.0

demo-19c2614_,2026-04-11T00:00:00+00:00,Agent Demo Listing,123456.0

demo-a8881be_,2026-04-11T00:00:00+00:00,Agent Demo Listing,123456.0

demo-a8b8250_,2026-04-11T00:00:00+00:00,Agent Demo Listing,123456.0

demo-b1aab46_,2026-04-11T00:00:00+00:00,Agent Demo Listing,123456.0

demo-a1bebb3_,2026-04-11T00:00:00+00:00,Agent Demo Listing,123456.0

demo-tion:p:1,2026-04-11T00:00:00+00:00,Agent Demo Listing,123456.0

demo-romotion,2026-04-11T00:00:00+00:00,Agent Demo Listing,123456.0

demo-nce.com_,2026-04-11T00:00:00+00:00,Agent Demo Listing,123456.0

demo-once.asp,2026-04-11T00:00:00+00:00,Agent Demo Listing,123456.0

demo-lier.asp,2026-04-11T00:00:00+00:00,Agent Demo Listing,123456.0

demo-yp=10101,2026-04-11T00:00:00+00:00,Agent Demo Listing,123456.0

demo-yp=10105,2026-04-11T00:00:00+00:00,Agent Demo Listing,123456.0

demo-yp=10102,2026-04-11T00:00:00+00:00,Agent Demo Listing,123456.0

demo-yp=10104,2026-04-11T00:00:00+00:00,Agent Demo Listing,123456.0

demo-_rub=102,2026-04-11T00:00:00+00:00,Agent Demo Listing,123456.0

demo-Auto.asp,2026-04-11T00:00:00+00:00,Agent Demo Listing,123456.0

demo-ploi.asp,2026-04-11T00:00:00+00:00,Agent Demo Listing,123456.0

demo-onie.asp,2026-04-11T00:00:00+00:00,Agent Demo Listing,123456.0

demo-eSon.asp,2026-04-11T00:00:00+00:00,Agent Demo Listing,123456.0

demo-ager.asp,2026-04-11T00:00:00+00:00,Agent Demo Listing,123456.0

demo-ique.asp,2026-04-11T00:00:00+00:00,Agent Demo Listing,123456.0

demo-aire.asp,2026-04-11T00:00:00+00:00,Agent Demo Listing,123456.0

demo-vice.asp,2026-04-11T00:00:00+00:00,Agent Demo Listing,123456.0

demo-mpte.asp,2026-04-11T00:00:00+00:00,Agent Demo Listing,123456.0

demo-nces.asp,2026-04-11T00:00:00+00:00,Agent Demo Listing,123456.0

demo-oris.asp,2026-04-11T00:00:00+00:00,Agent Demo Listing,123456.0

demo-ial.html,2026-04-11T00:00:00+00:00,Agent Demo Listing,123456.0

demo-son.html,2026-04-11T00:00:00+00:00,Agent Demo Listing,123456.0

demo-ite.html,2026-04-11T00:00:00+00:00,Agent Demo Listing,123456.0

demo-nis.html,2026-04-11T00:00:00+00:00,Agent Demo Listing,123456.0

demo-ml_pag-2,2026-04-11T00:00:00+00:00,Agent Demo Listing,123456.0

demo-ml_pag-3,2026-04-11T00:00:00+00:00,Agent Demo Listing,123456.0

demo-ml_pag-4,2026-04-11T00:00:00+00:00,Agent Demo Listing,123456.0

demo-ml_pag-5,2026-04-11T00:00:00+00:00,Agent Demo Listing,123456.0

demo-ml_pag-6,2026-04-11T00:00:00+00:00,Agent Demo Listing,123456.0

demo-ml_pag-7,2026-04-11T00:00:00+00:00,Agent Demo Listing,123456.0

demo-l_pag-42,2026-04-11T00:00:00+00:00,Agent Demo Listing,123456.0

demo-uan.html,2026-04-11T00:00:00+00:00,Agent Demo Listing,123456.0

demo-ina.html,2026-04-11T00:00:00+00:00,Agent Demo Listing,123456.0

demo-ana.html,2026-04-11T00:00:00+00:00,Agent Demo Listing,123456.0

demo-ous.html,2026-04-11T00:00:00+00:00,Agent Demo Listing,123456.0

demo-ria.html,2026-04-11T00:00:00+00:00,Agent Demo Listing,123456.0

demo-ine.html,2026-04-11T00:00:00+00:00,Agent Demo Listing,123456.0

demo-age.html,2026-04-11T00:00:00+00:00,Agent Demo Listing,123456.0

demo-ord.html,2026-04-11T00:00:00+00:00,Agent Demo Listing,123456.0

demo-dra.html,2026-04-11T00:00:00+00:00,Agent Demo Listing,123456.0

